,sofifa_id,player_url,short_name,long_name,age,dob,height_cm,weight_kg,nationality,club,overall,potential,value_eur,wage_eur,player_positions,preferred_foot,international_reputation,weak_foot,skill_moves,work_rate,body_type,real_face,release_clause_eur,player_tags,team_position,team_jersey_number,loaned_from,joined,contract_valid_until,nation_position,nation_jersey_number,pace,shooting,passing,dribbling,defending,physic,gk_diving,gk_handling,gk_kicking,gk_reflexes,gk_speed,gk_positioning,player_traits,attacking_crossing,attacking_finishing,attacking_heading_accuracy,attacking_short_passing,attacking_volleys,skill_dribbling,skill_curve,skill_fk_accuracy,skill_long_passing,skill_ball_control,movement_acceleration,movement_sprint_speed,movement_agility,movement_reactions,movement_balance,power_shot_power,power_jumping,power_stamina,power_strength,power_long_shots,mentality_aggression,mentality_interceptions,mentality_positioning,mentality_vision,mentality_penalties,mentality_composure,defending_marking,defending_standing_tackle,defending_sliding_tackle,goalkeeping_diving,goalkeeping_handling,goalkeeping_kicking,goalkeeping_positioning,goalkeeping_reflexes,ls,st,rs,lw,lf,cf,rf,rw,lam,cam,ram,lm,lcm,cm,rcm,rm,lwb,ldm,cdm,rdm,rwb,lb,lcb,cb,rcb,rb,Name,Position,Market Value,Actual Fee,New Team,Old Team,first name,last name,first initial,Short Name,Value,Team
3,211575,https://sofifa.com/player/211575/andre-filipe-tavares-gomes/20/159586,André Gomes,André Filipe Tavares Gomes,25,1993-07-30,188,84,Portugal,Everton,80,84,17500000,76000,"CDM, CM",Right,3,4,4,Medium/Medium,Lean,Yes,34600000.0,,LDM,21.0,,2019-06-25,2024.0,,,65.0,71.0,78.0,80.0,73.0,80.0,,,,,,,Crowd Favourite,65,67,69,84,69,83,81,67,82,82,63,67,66,78,64,82,59,77,83,73,81,75,74,81,55,84,73,74,67,12,9,6,14,8,74+3,74+3,74+3,75+3,76+3,76+3,76+3,75+3,78+3,78+3,78+3,76+3,79+3,79+3,79+3,76+3,73+3,78+3,78+3,78+3,73+3,72+3,74+3,74+3,74+3,72+3,André Gomes,CM,30800000.0,27500000.0,Everton FC,FC Barcelona,André,Gomes,A. ,A. ,24750000.0,Everton FC
12,240175,https://sofifa.com/player/240175/bruno-andre-cavaco-jordao/20/159586,Bruno Jordão,Bruno André Cavaco Jordão,20,1998-10-12,180,71,Portugal,Wolverhampton Wanderers,60,70,325000,8000,CM,Right,1,3,3,Medium/Medium,Normal,No,683000.0,,RES,31.0,,2019-08-02,2024.0,,,55.0,50.0,58.0,67.0,44.0,57.0,,,,,,,,44,52,57,65,35,68,42,41,61,67,56,54,66,60,66,62,54,54,58,40,58,48,32,64,54,62,42,42,34,9,11,6,6,7,54+2,54+2,54+2,56+2,57+2,57+2,57+2,56+2,59+2,59+2,59+2,57+2,58+2,58+2,58+2,57+2,51+2,54+2,54+2,54+2,51+2,49+2,49+2,49+2,49+2,49+2,Bruno Jordão,CM,1100000.0,9790000.0,Wolverhampton Wanderers,Lazio,Bruno,Jordão,B. ,B. ,2530000.0,Wolverhampton Wanderers
8,251566,https://sofifa.com/player/251566/gabriel-teodoro-martinelli-silva/20/159586,Gabriel Martinelli,Gabriel Teodoro Martinelli Silva,18,2001-06-18,180,75,Brazil,Arsenal,68,83,1800000,11000,"LW, LM, ST",Right,1,2,2,Medium/Medium,Lean,No,4700000.0,,RES,35.0,,2019-07-02,2023.0,,,85.0,62.0,59.0,72.0,25.0,55.0,,,,,,,,59,62,59,64,61,73,62,49,45,73,86,84,76,51,69,65,47,66,55,59,42,18,62,61,60,48,22,22,24,10,6,7,6,6,64+2,64+2,64+2,67+2,66+2,66+2,66+2,67+2,65+2,65+2,65+2,66+2,57+2,57+2,57+2,66+2,49+2,43+2,43+2,43+2,49+2,46+2,37+2,37+2,37+2,46+2,Gabriel Martinelli,CF,0.0,7370000.0,Arsenal FC,Ituano,Gabriel,Martinelli,G. ,G. ,27500000.0,Arsenal FC
9,245226,https://sofifa.com/player/245226/goncalo-bento-soares-cardoso/20/159586,Gonçalo Cardoso,Gonçalo Bento Soares Cardoso,18,2000-10-21,189,83,Portugal,West Ham United,67,79,1200000,6000,CB,Left,1,3,2,Low/Medium,Normal,No,2400000.0,,SUB,20.0,,2019-08-06,2024.0,,,52.0,29.0,38.0,48.0,65.0,73.0,,,,,,,,25,24,66,55,28,44,30,31,36,52,52,52,46,62,46,41,71,61,79,28,73,61,29,28,40,63,64,69,66,10,7,14,14,7,44+2,44+2,44+2,41+2,42+2,42+2,42+2,41+2,42+2,42+2,42+2,43+2,46+2,46+2,46+2,43+2,55+2,58+2,58+2,58+2,55+2,57+2,65+2,65+2,65+2,57+2,Gonçalo Cardoso,CB,2750000.0,3300000.0,West Ham United,Boavista,Gonçalo,Cardoso,G. ,G. ,2530000.0,West Ham United
1,135451,https://sofifa.com/player/135451/heurelho-silva-gomes/20/159586,Gomes,Heurelho da Silva Gomes,38,1981-02-15,191,95,Brazil,Watford,76,76,775000,27000,GK,Right,2,2,1,Medium/Medium,Lean,Yes,1500000.0,,SUB,1.0,,2014-05-24,2020.0,,,,,,,,,79.0,71.0,58.0,80.0,46.0,75.0,"Flair, Second Wind",15,15,14,23,13,15,12,13,19,25,43,48,56,72,53,44,76,27,64,14,40,20,12,59,41,59,19,14,15,79,71,58,75,80,,,,,,,,,,,,,,,,,,,,,,,,,,,André Gomes,CM,30800000.0,27500000.0,Everton FC,FC Barcelona,André,Gomes,A. ,A. ,24750000.0,Everton FC
1,210514,https://sofifa.com/player/210514/joao-pedro-cavaco-cancelo/20/159586,João Cancelo,João Pedro Cavaco Cancelo,25,1994-05-27,182,74,Portugal,Manchester City,84,89,36500000,150000,RB,Right,2,3,4,High/Medium,Lean,Yes,70300000.0,#Crosser,SUB,27.0,,2019-08-07,2025.0,SUB,2.0,90.0,65.0,80.0,84.0,78.0,71.0,,,,,,,Crowd Favourite,86,58,68,81,62,85,82,69,75,84,89,90,82,84,79,80,72,92,60,68,73,78,78,78,46,82,79,80,80,6,9,15,14,14,74+2,74+2,74+2,80+2,79+2,79+2,79+2,80+2,79+2,79+2,79+2,82+2,80+2,80+2,80+2,82+2,83+2,79+2,79+2,79+2,83+2,82+2,76+2,76+2,76+2,82+2,João Cancelo,RB,60500000.0,71500000.0,Manchester City,Juventus,João,Cancelo,J. ,J. ,39600000.0,Manchester City
2,226456,https://sofifa.com/player/226456/pablo-fornals-malla/20/159586,Pablo Fornals,Pablo Fornals Malla,23,1996-02-22,178,67,Spain,West Ham United,81,87,24500000,82000,"CAM, CM, LM",Right,1,3,4,High/Medium,Lean,Yes,51500000.0,,SUB,18.0,,2019-07-01,2024.0,,,67.0,76.0,79.0,80.0,71.0,68.0,,,,,,,"Finesse Shot, Speed Dribbler (CPU AI Only), Crowd Favourite",74,77,50,82,72,80,70,70,79,82,69,65,76,76,75,77,58,76,67,80,65,74,77,83,55,75,72,74,73,9,11,12,7,15,73+2,73+2,73+2,77+2,77+2,77+2,77+2,77+2,79+2,79+2,79+2,77+2,79+2,79+2,79+2,77+2,75+2,76+2,76+2,76+2,75+2,73+2,70+2,70+2,70+2,73+2,Pablo Fornals,AM,27500000.0,30800000.0,West Ham United,Villarreal,Pablo,Fornals,P. ,P. ,17600000.0,West Ham United
10,238616,https://sofifa.com/player/238616/pedro-lomba-neto/20/159586,Pedro Neto,Pedro Lomba Neto,19,2000-03-09,172,63,Portugal,Wolverhampton Wanderers,66,83,1400000,12000,"CF, RW, ST",Left,1,3,3,High/Medium,Normal,No,3500000.0,,RES,30.0,,2019-08-05,2024.0,,,78.0,62.0,53.0,72.0,22.0,41.0,,,,,,,,47,63,51,60,52,70,54,40,46,71,79,78,86,65,80,64,52,49,40,62,32,16,64,56,62,58,22,19,15,6,13,7,12,6,63+2,63+2,63+2,66+2,65+2,65+2,65+2,66+2,64+2,64+2,64+2,63+2,55+2,55+2,55+2,63+2,44+2,40+2,40+2,40+2,44+2,41+2,33+2,33+2,33+2,41+2,Pedro Neto,SS,2750000.0,19690000.0,Wolverhampton Wanderers,Lazio,Pedro,Neto,P. ,P. ,12650000.0,Wolverhampton Wanderers
