Name,Value,Team
Kepa,66000000.0,Chelsea FC
Willy Caballero,1100000.0,Chelsea FC
Eduardo,825000.0,Chelsea FC
Jamal Blackman,550000.0,Chelsea FC
Rob Green,275000.0,Chelsea FC
Jamie Cumming,0,Chelsea FC
Marcin Bulka,0,Chelsea FC
Antonio Rüdiger,55000000.0,Chelsea FC
Andreas Christensen,33000000.0,Chelsea FC
Kurt Zouma,27500000.0,Chelsea FC
David Luiz,22000000.0,Chelsea FC
Ethan Ampadu,11000000.0,Chelsea FC
Gary Cahill,8800000.0,Chelsea FC
Kenneth Omeruo,5500000.0,Chelsea FC
Tomas Kalas,4400000.0,Chelsea FC
Michael Hector,3300000.0,Chelsea FC
Matt Miazga,3300000.0,Chelsea FC
Marc Guehi,0,Chelsea FC
Marcos Alonso,44000000.0,Chelsea FC
Emerson,16500000.0,Chelsea FC
Abdul Rahman Baba,5500000.0,Chelsea FC
César Azpilicueta,38500000.0,Chelsea FC
Davide Zappacosta,16500000.0,Chelsea FC
Ola Aina,11000000.0,Chelsea FC
Todd Kane,1100000.0,Chelsea FC
Jorginho,71500000.0,Chelsea FC
Tiemoué Bakayoko,38500000.0,Chelsea FC
Conor Gallagher,0,Chelsea FC
N'Golo Kanté,110000000.0,Chelsea FC
Mateo Kovacic,38500000.0,Chelsea FC
Ross Barkley,33000000.0,Chelsea FC
Ruben Loftus-Cheek,33000000.0,Chelsea FC
Cesc Fàbregas,16500000.0,Chelsea FC
Mario Pasalic,11000000.0,Chelsea FC
Marco van Ginkel,11000000.0,Chelsea FC
Danny Drinkwater,8800000.0,Chelsea FC
Lewis Baker,4400000.0,Chelsea FC
Danilo Pantic,3030000.0,Chelsea FC
George McEachran,0,Chelsea FC
Victor Moses,12100000.0,Chelsea FC
Kenedy,11000000.0,Chelsea FC
Charly Musonda Jr.,2200000.0,Chelsea FC
Eden Hazard,165000000.0,Chelsea FC
Christian Pulisic,66000000.0,Chelsea FC
Callum Hudson-Odoi,38500000.0,Chelsea FC
Lucas Piazón,1650000.0,Chelsea FC
Nathan,990000.0,Chelsea FC
Willian,44000000.0,Chelsea FC
Pedro,22000000.0,Chelsea FC
Álvaro Morata,55000000.0,Chelsea FC
Gonzalo Higuaín,38500000.0,Chelsea FC
Michy Batshuayi,33000000.0,Chelsea FC
Tammy Abraham,22000000.0,Chelsea FC
Olivier Giroud,16500000.0,Chelsea FC
David de Gea,71500000.0,Manchester United
Sergio Romero,3850000.0,Manchester United
Joel Pereira,935000.0,Manchester United
Lee Grant,825000.0,Manchester United
Victor Lindelöf,38500000.0,Manchester United
Eric Bailly,27500000.0,Manchester United
Phil Jones,22000000.0,Manchester United
Chris Smalling,22000000.0,Manchester United
Marcos Rojo,13200000.0,Manchester United
Axel Tuanzebe,7700000.0,Manchester United
Luke Shaw,33000000.0,Manchester United
Cameron Borthwick-Jackson,1100000.0,Manchester United
Brandon Williams,0,Manchester United
Diogo Dalot,22000000.0,Manchester United
Matteo Darmian,11000000.0,Manchester United
Timothy Fosu-Mensah,7700000.0,Manchester United
Antonio Valencia,5500000.0,Manchester United
Nemanja Matic,33000000.0,Manchester United
James Garner,0,Manchester United
Paul Pogba,110000000.0,Manchester United
Fred,33000000.0,Manchester United
Ander Herrera,27500000.0,Manchester United
Marouane Fellaini,13200000.0,Manchester United
Scott McTominay,13200000.0,Manchester United
Ashley Young,5500000.0,Manchester United
Juan Mata,22000000.0,Manchester United
Andreas Pereira,11000000.0,Manchester United
Angel Gomes,0,Manchester United
Marcus Rashford,88000000.0,Manchester United
Alexis Sánchez,38500000.0,Manchester United
Jesse Lingard,44000000.0,Manchester United
Tahith Chong,0,Manchester United
Romelu Lukaku,82500000.0,Manchester United
Anthony Martial,66000000.0,Manchester United
James Wilson,1650000.0,Manchester United
Mason Greenwood,0,Manchester United
Bernd Leno,33000000.0,Arsenal FC
David Ospina,4400000.0,Arsenal FC
Petr Cech,2750000.0,Arsenal FC
Emiliano Martínez,2200000.0,Arsenal FC
Matt Macey,275000.0,Arsenal FC
Dejan Iliev,0,Arsenal FC
Shkodran Mustafi,27500000.0,Arsenal FC
Sokratis,22000000.0,Arsenal FC
Rob Holding,13200000.0,Arsenal FC
Laurent Koscielny,8800000.0,Arsenal FC
Konstantinos Mavropanos,3300000.0,Arsenal FC
Julio Pleguezuelo,330000.0,Arsenal FC
Zech Medley,0,Arsenal FC
Sead Kolasinac,22000000.0,Arsenal FC
Nacho Monreal,8800000.0,Arsenal FC
Héctor Bellerín,44000000.0,Arsenal FC
Calum Chambers,15400000.0,Arsenal FC
Ainsley Maitland-Niles,13200000.0,Arsenal FC
Carl Jenkinson,2200000.0,Arsenal FC
Stephan Lichtsteiner,1650000.0,Arsenal FC
Jordi Osei-Tutu,0,Arsenal FC
Lucas Torreira,60500000.0,Arsenal FC
Granit Xhaka,49500000.0,Arsenal FC
Mohamed Elneny,8800000.0,Arsenal FC
Krystian Bielik,2200000.0,Arsenal FC
Charlie Gilmour,0,Arsenal FC
Aaron Ramsey,44000000.0,Arsenal FC
Mattéo Guendouzi,38500000.0,Arsenal FC
Emile Smith Rowe,4400000.0,Arsenal FC
Joe Willock,0,Arsenal FC
Henrikh Mkhitaryan,27500000.0,Arsenal FC
Mesut Özil,27500000.0,Arsenal FC
Alex Iwobi,27500000.0,Arsenal FC
Denis Suárez,13200000.0,Arsenal FC
Takuma Asano,1650000.0,Arsenal FC
Bukayo Saka,0,Arsenal FC
Reiss Nelson,18700000.0,Arsenal FC
Alexandre Lacazette,77000000.0,Arsenal FC
Pierre-Emerick Aubameyang,77000000.0,Arsenal FC
Danny Welbeck,13200000.0,Arsenal FC
Eddie Nketiah,8800000.0,Arsenal FC
Tyreece John-Jules,0,Arsenal FC
Ederson,77000000.0,Manchester City
Claudio Bravo,2750000.0,Manchester City
Arijanet Muric,2200000.0,Manchester City
Daniel Grimshaw,0,Manchester City
Aymeric Laporte,82500000.0,Manchester City
John Stones,66000000.0,Manchester City
Nicolás Otamendi,27500000.0,Manchester City
Eliaquim Mangala,11000000.0,Manchester City
Vincent Kompany,8800000.0,Manchester City
Philippe Sandler,2750000.0,Manchester City
Pablo Marí,880000.0,Manchester City
Erik Palmer-Brown,660000.0,Manchester City
Cameron Humphreys,0,Manchester City
Eric García,0,Manchester City
Benjamin Mendy,38500000.0,Manchester City
Oleksandr Zinchenko,22000000.0,Manchester City
Kyle Walker,55000000.0,Manchester City
Danilo,22000000.0,Manchester City
Fernandinho,13200000.0,Manchester City
Luke Brattan,550000.0,Manchester City
Claudio Gomes,0,Manchester City
Ilkay Gündogan,55000000.0,Manchester City
Phil Foden,27500000.0,Manchester City
Fabian Delph,16500000.0,Manchester City
Aleix García,3300000.0,Manchester City
Douglas Luiz,2750000.0,Manchester City
Mix Diskerud,1100000.0,Manchester City
Anthony Cáceres,385000.0,Manchester City
Taylor Richards,0,Manchester City
Luke Bolton,0,Manchester City
Kevin De Bruyne,143000000.0,Manchester City
David Silva,22000000.0,Manchester City
Brahim Díaz,18700000.0,Manchester City
Luka Ilic,1100000.0,Manchester City
Felix Nmecha,0,Manchester City
Adrián Bernabé,0,Manchester City
Raheem Sterling,154000000.0,Manchester City
Leroy Sané,110000000.0,Manchester City
Jack Harrison,4400000.0,Manchester City
Marlos Moreno,770000.0,Manchester City
Bernardo Silva,110000000.0,Manchester City
Riyad Mahrez,66000000.0,Manchester City
Patrick Roberts,5500000.0,Manchester City
Ian Poveda,0,Manchester City
Gabriel Jesus,77000000.0,Manchester City
Sergio Agüero,71500000.0,Manchester City
Name,Value,Team
Hugo Lloris,27500000.0,Tottenham Hotspur
Paulo Gazzaniga,2200000.0,Tottenham Hotspur
Michel Vorm,1100000.0,Tottenham Hotspur
Alfie Whiteman,0,Tottenham Hotspur
Davinson Sánchez,60500000.0,Tottenham Hotspur
Toby Alderweireld,44000000.0,Tottenham Hotspur
Jan Vertonghen,30800000.0,Tottenham Hotspur
Juan Foyth,16500000.0,Tottenham Hotspur
Cameron Carter-Vickers,1650000.0,Tottenham Hotspur
Timothy Eyoma,0,Tottenham Hotspur
Danny Rose,27500000.0,Tottenham Hotspur
Ben Davies,27500000.0,Tottenham Hotspur
Kieran Trippier,38500000.0,Tottenham Hotspur
Serge Aurier,19800000.0,Tottenham Hotspur
Kyle Walker-Peters,3850000.0,Tottenham Hotspur
Eric Dier,44000000.0,Tottenham Hotspur
Victor Wanyama,22000000.0,Tottenham Hotspur
Oliver Skipp,5500000.0,Tottenham Hotspur
Luke Amos,110000.0,Tottenham Hotspur
George Marsh,0,Tottenham Hotspur
Harry Winks,27500000.0,Tottenham Hotspur
Moussa Sissoko,27500000.0,Tottenham Hotspur
Mousa Dembélé,13200000.0,Tottenham Hotspur
Josh Onomah,3300000.0,Tottenham Hotspur
Christian Eriksen,110000000.0,Tottenham Hotspur
Dele Alli,99000000.0,Tottenham Hotspur
Heung-min Son,88000000.0,Tottenham Hotspur
Georges-Kevin N'Koudou,5500000.0,Tottenham Hotspur
Lucas Moura,44000000.0,Tottenham Hotspur
Erik Lamela,19800000.0,Tottenham Hotspur
Harry Kane,165000000.0,Tottenham Hotspur
Vincent Janssen,8800000.0,Tottenham Hotspur
Fernando Llorente,3850000.0,Tottenham Hotspur
Kazaiah Sterling,0,Tottenham Hotspur
Alisson,88000000.0,Liverpool FC
Simon Mignolet,8800000.0,Liverpool FC
Loris Karius,5500000.0,Liverpool FC
Ádám Bogdán,550000.0,Liverpool FC
Kamil Grabara,440000.0,Liverpool FC
Caoimhin Kelleher,0,Liverpool FC
Virgil van Dijk,99000000.0,Liverpool FC
Joe Gomez,38500000.0,Liverpool FC
Joel Matip,33000000.0,Liverpool FC
Dejan Lovren,22000000.0,Liverpool FC
Andrew Robertson,66000000.0,Liverpool FC
Alberto Moreno,9900000.0,Liverpool FC
Trent Alexander-Arnold,88000000.0,Liverpool FC
Nathaniel Clyne,13200000.0,Liverpool FC
Connor Randall,550000.0,Liverpool FC
Ki-Jana Hoever,0,Liverpool FC
Fabinho,55000000.0,Liverpool FC
Naby Keïta,66000000.0,Liverpool FC
Georginio Wijnaldum,55000000.0,Liverpool FC
Jordan Henderson,38500000.0,Liverpool FC
Alex Oxlade-Chamberlain,38500000.0,Liverpool FC
Marko Grujic,22000000.0,Liverpool FC
James Milner,16500000.0,Liverpool FC
Curtis Jones,0,Liverpool FC
Adam Lallana,16500000.0,Liverpool FC
Ben Woodburn,5500000.0,Liverpool FC
Isaac Christie-Davies,0,Liverpool FC
Sadio Mané,132000000.0,Liverpool FC
Mohamed Salah,165000000.0,Liverpool FC
Xherdan Shaqiri,27500000.0,Liverpool FC
Harry Wilson,13200000.0,Liverpool FC
Sheyi Ojo,2200000.0,Liverpool FC
Rafael Camacho,0,Liverpool FC
Roberto Firmino,88000000.0,Liverpool FC
Divock Origi,22000000.0,Liverpool FC
Dominic Solanke,19800000.0,Liverpool FC
Danny Ings,16500000.0,Liverpool FC
Daniel Sturridge,16500000.0,Liverpool FC
Rhian Brewster,0,Liverpool FC
Jordan Pickford,44000000.0,Everton FC
Maarten Stekelenburg,1100000.0,Everton FC
João Virgínia,550000.0,Everton FC
Michael Keane,33000000.0,Everton FC
Kurt Zouma,27500000.0,Everton FC
Yerry Mina,27500000.0,Everton FC
Mason Holgate,7700000.0,Everton FC
Ashley Williams,2200000.0,Everton FC
Matthew Pennington,1100000.0,Everton FC
Phil Jagielka,1100000.0,Everton FC
Tyias Browning,935000.0,Everton FC
Lucas Digne,33000000.0,Everton FC
Leighton Baines,3850000.0,Everton FC
Brendan Galloway,1650000.0,Everton FC
Luke Garbutt,825000.0,Everton FC
Seamus Coleman,16500000.0,Everton FC
Jonjoe Kenny,5500000.0,Everton FC
Cuco Martina,1650000.0,Everton FC
Idrissa Gueye,27500000.0,Everton FC
Morgan Schneiderlin,16500000.0,Everton FC
Muhamed Besic,5500000.0,Everton FC
André Gomes,30800000.0,Everton FC
Tom Davies,16500000.0,Everton FC
James McCarthy,5500000.0,Everton FC
Beni Baningime,2200000.0,Everton FC
Gylfi Sigurdsson,38500000.0,Everton FC
Nikola Vlasic,22000000.0,Everton FC
Kieran Dowell,3300000.0,Everton FC
Bernard,22000000.0,Everton FC
Ademola Lookman,22000000.0,Everton FC
Henry Onyekuru,14300000.0,Everton FC
Yannick Bolasie,12100000.0,Everton FC
Theo Walcott,19800000.0,Everton FC
Kevin Mirallas,5500000.0,Everton FC
Shani Tarashaj,550000.0,Everton FC
Richarlison,55000000.0,Everton FC
Dominic Calvert-Lewin,22000000.0,Everton FC
Cenk Tosun,19800000.0,Everton FC
Oumar Niasse,6600000.0,Everton FC
Sandro Ramírez,4400000.0,Everton FC
Lukasz Fabianski,5500000.0,West Ham United
Adrián,3850000.0,West Ham United
Issa Diop,38500000.0,West Ham United
Fabián Balbuena,13200000.0,West Ham United
Angelo Ogbonna,8800000.0,West Ham United
Winston Reid,5500000.0,West Ham United
Reece Oxford,4400000.0,West Ham United
Aaron Cresswell,11000000.0,West Ham United
Arthur Masuaku,7700000.0,West Ham United
Ryan Fredericks,5500000.0,West Ham United
Sam Byram,3850000.0,West Ham United
Pablo Zabaleta,3850000.0,West Ham United
Ben Johnson,0,West Ham United
Declan Rice,49500000.0,West Ham United
Carlos Sánchez,1650000.0,West Ham United
Conor Coventry,0,West Ham United
Jack Wilshere,11000000.0,West Ham United
Edimilson Fernandes,8800000.0,West Ham United
Pedro Obiang,7700000.0,West Ham United
Mark Noble,7700000.0,West Ham United
Josh Cullen,1100000.0,West Ham United
Moses Makasi,0,West Ham United
Manuel Lanzini,22000000.0,West Ham United
Samir Nasri,5500000.0,West Ham United
Joe Powell,0,West Ham United
Felipe Anderson,44000000.0,West Ham United
Nathan Holland,0,West Ham United
Andriy Yarmolenko,22000000.0,West Ham United
Michail Antonio,16500000.0,West Ham United
Robert Snodgrass,7700000.0,West Ham United
Grady Diangana,5500000.0,West Ham United
Xande Silva,1100000.0,West Ham United
Marko Arnautovic,38500000.0,West Ham United
Chicharito,13200000.0,West Ham United
Andy Carroll,8800000.0,West Ham United
Jordan Hugill,6600000.0,West Ham United
Lucas Pérez,4400000.0,West Ham United
Name,Value,Team
Kasper Schmeichel,13200000.0,Leicester City
Danny Ward,8800000.0,Leicester City
Eldin Jakupovic,825000.0,Leicester City
Harry Maguire,55000000.0,Leicester City
Caglar Söyüncü,16500000.0,Leicester City
Filip Benkovic,12100000.0,Leicester City
Jonny Evans,11000000.0,Leicester City
Wes Morgan,2200000.0,Leicester City
Ben Chilwell,38500000.0,Leicester City
Christian Fuchs,3300000.0,Leicester City
Callum Elder,275000.0,Leicester City
Ricardo Pereira,27500000.0,Leicester City
Danny Simpson,3850000.0,Leicester City
Josh Knight,0,Leicester City
Wilfred Ndidi,38500000.0,Leicester City
Nampalys Mendy,8800000.0,Leicester City
Daniel Amartey,7700000.0,Leicester City
Hamza Choudhury,5500000.0,Leicester City
Youri Tielemans,41800000.0,Leicester City
Adrien Silva,14300000.0,Leicester City
Vicente Iborra,9900000.0,Leicester City
Andy King,2750000.0,Leicester City
Matty James,1650000.0,Leicester City
Thakgalo Leshabela,110000.0,Leicester City
Marc Albrighton,11000000.0,Leicester City
Harvey Barnes,13200000.0,Leicester City
James Maddison,44000000.0,Leicester City
Bartosz Kapustka,2750000.0,Leicester City
George Thomas,550000.0,Leicester City
Demarai Gray,22000000.0,Leicester City
Rachid Ghezzal,8800000.0,Leicester City
Fousseni Diabaté,3300000.0,Leicester City
Jamie Vardy,22000000.0,Leicester City
Kelechi Iheanacho,13200000.0,Leicester City
Islam Slimani,5500000.0,Leicester City
Shinji Okazaki,4400000.0,Leicester City
Leonardo Ulloa,2750000.0,Leicester City
Angus Gunn,11000000.0,Southampton FC
Fraser Forster,8800000.0,Southampton FC
Alex McCarthy,5500000.0,Southampton FC
Harry Lewis,220000.0,Southampton FC
Jack Rose,110000.0,Southampton FC
Jannik Vestergaard,22000000.0,Southampton FC
Jan Bednarek,16500000.0,Southampton FC
Wesley Hoedt,13200000.0,Southampton FC
Jack Stephens,8800000.0,Southampton FC
Maya Yoshida,7700000.0,Southampton FC
Alfie Jones,110000.0,Southampton FC
Ryan Bertrand,16500000.0,Southampton FC
Matt Targett,7700000.0,Southampton FC
Sam McQueen,1100000.0,Southampton FC
Cédric Soares,13200000.0,Southampton FC
Yan Valery,7700000.0,Southampton FC
Kayne Ramsay,0,Southampton FC
Mario Lemina,16500000.0,Southampton FC
Oriol Romeu,11000000.0,Southampton FC
Jordy Clasie,6050000.0,Southampton FC
Harrison Reed,2200000.0,Southampton FC
James Ward-Prowse,19800000.0,Southampton FC
Pierre-Emile Höjbjerg,16500000.0,Southampton FC
Stuart Armstrong,8800000.0,Southampton FC
Steven Davis,2200000.0,Southampton FC
Callum Slattery,0,Southampton FC
Jake Hesketh,0,Southampton FC
Nathan Redmond,22000000.0,Southampton FC
Mohamed Elyounoussi,16500000.0,Southampton FC
Sofiane Boufal,13200000.0,Southampton FC
Tyreke Johnson,0,Southampton FC
Josh Sims,2200000.0,Southampton FC
Danny Ings,16500000.0,Southampton FC
Manolo Gabbiadini,13200000.0,Southampton FC
Charlie Austin,8800000.0,Southampton FC
Guido Carrillo,8250000.0,Southampton FC
Shane Long,7700000.0,Southampton FC
Sam Gallagher,3300000.0,Southampton FC
Michael Obafemi,1100000.0,Southampton FC
Marcus Barnes,0,Southampton FC
Wayne Hennessey,5500000.0,Crystal Palace
Vicente Guaita,5500000.0,Crystal Palace
Julián Speroni,275000.0,Crystal Palace
Dion Henry,55000.0,Crystal Palace
Joe Tupper,0,Crystal Palace
Mamadou Sakho,16500000.0,Crystal Palace
James Tomkins,8800000.0,Crystal Palace
Jairo Riedewald,5500000.0,Crystal Palace
Scott Dann,4400000.0,Crystal Palace
Ryan Inniss,165000.0,Crystal Palace
Sam Woods,0,Crystal Palace
Patrick van Aanholt,11000000.0,Crystal Palace
Pape Souaré,2200000.0,Crystal Palace
Aaron Wan-Bissaka,38500000.0,Crystal Palace
Joel Ward,4400000.0,Crystal Palace
Martin Kelly,3300000.0,Crystal Palace
Luke Dreher,0,Crystal Palace
Giovanni McGregor,0,Crystal Palace
Luka Milivojevic,22000000.0,Crystal Palace
Cheikhou Kouyaté,11000000.0,Crystal Palace
James McArthur,7700000.0,Crystal Palace
Nya Kirby,0,Crystal Palace
Jeffrey Schlupp,11000000.0,Crystal Palace
Max Meyer,16500000.0,Crystal Palace
Jason Puncheon,3300000.0,Crystal Palace
Jonathan Williams,1100000.0,Crystal Palace
Bakary Sako,4400000.0,Crystal Palace
Sullay Kaikai,385000.0,Crystal Palace
Wilfried Zaha,49500000.0,Crystal Palace
Andros Townsend,16500000.0,Crystal Palace
Jason Lokilo,220000.0,Crystal Palace
Michy Batshuayi,33000000.0,Crystal Palace
Christian Benteke,16500000.0,Crystal Palace
Jordan Ayew,8800000.0,Crystal Palace
Alexander Sörloth,6600000.0,Crystal Palace
Connor Wickham,3300000.0,Crystal Palace
Name,Value,Team
Kasper Schmeichel,13200000.0,Leicester City
Danny Ward,8800000.0,Leicester City
Eldin Jakupovic,825000.0,Leicester City
Harry Maguire,55000000.0,Leicester City
Caglar Söyüncü,16500000.0,Leicester City
Filip Benkovic,12100000.0,Leicester City
Jonny Evans,11000000.0,Leicester City
Wes Morgan,2200000.0,Leicester City
Ben Chilwell,38500000.0,Leicester City
Christian Fuchs,3300000.0,Leicester City
Callum Elder,275000.0,Leicester City
Ricardo Pereira,27500000.0,Leicester City
Danny Simpson,3850000.0,Leicester City
Josh Knight,0,Leicester City
Wilfred Ndidi,38500000.0,Leicester City
Nampalys Mendy,8800000.0,Leicester City
Daniel Amartey,7700000.0,Leicester City
Hamza Choudhury,5500000.0,Leicester City
Youri Tielemans,41800000.0,Leicester City
Adrien Silva,14300000.0,Leicester City
Vicente Iborra,9900000.0,Leicester City
Andy King,2750000.0,Leicester City
Matty James,1650000.0,Leicester City
Thakgalo Leshabela,110000.0,Leicester City
Marc Albrighton,11000000.0,Leicester City
Harvey Barnes,13200000.0,Leicester City
James Maddison,44000000.0,Leicester City
Bartosz Kapustka,2750000.0,Leicester City
George Thomas,550000.0,Leicester City
Demarai Gray,22000000.0,Leicester City
Rachid Ghezzal,8800000.0,Leicester City
Fousseni Diabaté,3300000.0,Leicester City
Jamie Vardy,22000000.0,Leicester City
Kelechi Iheanacho,13200000.0,Leicester City
Islam Slimani,5500000.0,Leicester City
Shinji Okazaki,4400000.0,Leicester City
Leonardo Ulloa,2750000.0,Leicester City
Angus Gunn,11000000.0,Southampton FC
Fraser Forster,8800000.0,Southampton FC
Alex McCarthy,5500000.0,Southampton FC
Harry Lewis,220000.0,Southampton FC
Jack Rose,110000.0,Southampton FC
Jannik Vestergaard,22000000.0,Southampton FC
Jan Bednarek,16500000.0,Southampton FC
Wesley Hoedt,13200000.0,Southampton FC
Jack Stephens,8800000.0,Southampton FC
Maya Yoshida,7700000.0,Southampton FC
Alfie Jones,110000.0,Southampton FC
Ryan Bertrand,16500000.0,Southampton FC
Matt Targett,7700000.0,Southampton FC
Sam McQueen,1100000.0,Southampton FC
Cédric Soares,13200000.0,Southampton FC
Yan Valery,7700000.0,Southampton FC
Kayne Ramsay,0,Southampton FC
Mario Lemina,16500000.0,Southampton FC
Oriol Romeu,11000000.0,Southampton FC
Jordy Clasie,6050000.0,Southampton FC
Harrison Reed,2200000.0,Southampton FC
James Ward-Prowse,19800000.0,Southampton FC
Pierre-Emile Höjbjerg,16500000.0,Southampton FC
Stuart Armstrong,8800000.0,Southampton FC
Steven Davis,2200000.0,Southampton FC
Callum Slattery,0,Southampton FC
Jake Hesketh,0,Southampton FC
Nathan Redmond,22000000.0,Southampton FC
Mohamed Elyounoussi,16500000.0,Southampton FC
Sofiane Boufal,13200000.0,Southampton FC
Tyreke Johnson,0,Southampton FC
Josh Sims,2200000.0,Southampton FC
Danny Ings,16500000.0,Southampton FC
Manolo Gabbiadini,13200000.0,Southampton FC
Charlie Austin,8800000.0,Southampton FC
Guido Carrillo,8250000.0,Southampton FC
Shane Long,7700000.0,Southampton FC
Sam Gallagher,3300000.0,Southampton FC
Michael Obafemi,1100000.0,Southampton FC
Marcus Barnes,0,Southampton FC
Wayne Hennessey,5500000.0,Crystal Palace
Vicente Guaita,5500000.0,Crystal Palace
Julián Speroni,275000.0,Crystal Palace
Dion Henry,55000.0,Crystal Palace
Joe Tupper,0,Crystal Palace
Mamadou Sakho,16500000.0,Crystal Palace
James Tomkins,8800000.0,Crystal Palace
Jairo Riedewald,5500000.0,Crystal Palace
Scott Dann,4400000.0,Crystal Palace
Ryan Inniss,165000.0,Crystal Palace
Sam Woods,0,Crystal Palace
Patrick van Aanholt,11000000.0,Crystal Palace
Pape Souaré,2200000.0,Crystal Palace
Aaron Wan-Bissaka,38500000.0,Crystal Palace
Joel Ward,4400000.0,Crystal Palace
Martin Kelly,3300000.0,Crystal Palace
Luke Dreher,0,Crystal Palace
Giovanni McGregor,0,Crystal Palace
Luka Milivojevic,22000000.0,Crystal Palace
Cheikhou Kouyaté,11000000.0,Crystal Palace
James McArthur,7700000.0,Crystal Palace
Nya Kirby,0,Crystal Palace
Jeffrey Schlupp,11000000.0,Crystal Palace
Max Meyer,16500000.0,Crystal Palace
Jason Puncheon,3300000.0,Crystal Palace
Jonathan Williams,1100000.0,Crystal Palace
Bakary Sako,4400000.0,Crystal Palace
Sullay Kaikai,385000.0,Crystal Palace
Wilfried Zaha,49500000.0,Crystal Palace
Andros Townsend,16500000.0,Crystal Palace
Jason Lokilo,220000.0,Crystal Palace
Michy Batshuayi,33000000.0,Crystal Palace
Christian Benteke,16500000.0,Crystal Palace
Jordan Ayew,8800000.0,Crystal Palace
Alexander Sörloth,6600000.0,Crystal Palace
Connor Wickham,3300000.0,Crystal Palace
Jack Butland,16500000.0,Stoke City
Jakob Haugaard,385000.0,Stoke City
Adam Federici,385000.0,Stoke City
Bruno Martins Indi,7150000.0,Stoke City
Ryan Shawcross,5500000.0,Stoke City
Kevin Wimmer,4400000.0,Stoke City
Danny Batth,4400000.0,Stoke City
Ashley Williams,2200000.0,Stoke City
Harry Souttar,220000.0,Stoke City
Nathan Collins,0,Stoke City
Erik Pieters,5500000.0,Stoke City
Josh Tymon,1100000.0,Stoke City
Tom Edwards,3300000.0,Stoke City
Moritz Bauer,2750000.0,Stoke City
Cuco Martina,1650000.0,Stoke City
Giannelli Imbula,5500000.0,Stoke City
Ryan Woods,5500000.0,Stoke City
Geoff Cameron,1650000.0,Stoke City
Joe Allen,11000000.0,Stoke City
Badou Ndiaye,9350000.0,Stoke City
Oghenekaro Etebo,5500000.0,Stoke City
Sam Clucas,5500000.0,Stoke City
Charlie Adam,1100000.0,Stoke City
Darren Fletcher,1100000.0,Stoke City
Daniel Jarvis,0,Stoke City
Lasse Sörensen,0,Stoke City
James McClean,5500000.0,Stoke City
Tom Ince,8800000.0,Stoke City
Thibaud Verlinden,275000.0,Stoke City
Bojan Krkic,1650000.0,Stoke City
Benik Afobe,8800000.0,Stoke City
Saido Berahino,5500000.0,Stoke City
Sam Vokes,5500000.0,Stoke City
Mame Diouf,3300000.0,Stoke City
Peter Crouch,1100000.0,Stoke City
Tyrese Campbell,165000.0,Stoke City
Name,Value,Team
Erwin Mulder,1650000.0,Swansea City
Kristoffer Nordfeldt,1100000.0,Swansea City
Steven Benda,110000.0,Swansea City
Federico Fernández,7700000.0,Swansea City
Jordi Amat,3300000.0,Swansea City
Mike van der Hoorn,2750000.0,Swansea City
Cameron Carter-Vickers,1650000.0,Swansea City
Joe Rodon,1650000.0,Swansea City
Cian Harries,275000.0,Swansea City
Brandon Cooper,0,Swansea City
Martin Olsson,2750000.0,Swansea City
Declan John,880000.0,Swansea City
Connor Roberts,4400000.0,Swansea City
Kyle Naughton,3850000.0,Swansea City
Aaron Lewis,0,Swansea City
Tyler Reid,0,Swansea City
Adnan Maric,44000.0,Swansea City
Leroy Fer,6600000.0,Swansea City
Tom Carroll,4950000.0,Swansea City
Matt Grimes,2750000.0,Swansea City
Jay Fulton,1650000.0,Swansea City
George Byers,550000.0,Swansea City
Adam King,165000.0,Swansea City
Yan Dhanda,275000.0,Swansea City
Bersant Celina,5500000.0,Swansea City
Daniel James,13200000.0,Swansea City
André Ayew,6600000.0,Swansea City
Jefferson Montero,1100000.0,Swansea City
Wayne Routledge,1100000.0,Swansea City
Barrie McKay,1100000.0,Swansea City
Luciano Narsingh,2750000.0,Swansea City
Nathan Dyer,1650000.0,Swansea City
Oliver McBurnie,8800000.0,Swansea City
Wilfried Bony,6050000.0,Swansea City
Borja Bastón,2200000.0,Swansea City
Joel Asoro,2200000.0,Swansea City
Courtney Baker-Richardson,385000.0,Swansea City
Botti Biabi,110000.0,Swansea City
Liam Cullen,0,Swansea City
Ben Foster,3300000.0,Watford FC
Heurelho Gomes,1100000.0,Watford FC
Pontus Dahlberg,1100000.0,Watford FC
Daniel Bachmann,550000.0,Watford FC
Christian Kabasele,8800000.0,Watford FC
Craig Cathcart,5500000.0,Watford FC
Sebastian Prödl,3850000.0,Watford FC
Adrian Mariappa,3300000.0,Watford FC
Miguel Britos,2200000.0,Watford FC
Ben Wilmot,1650000.0,Watford FC
Jorge Segura,990000.0,Watford FC
Tommie Hoban,550000.0,Watford FC
Adam Masina,7700000.0,Watford FC
Marvin Zeegelaar,2750000.0,Watford FC
José Holebas,2200000.0,Watford FC
Daryl Janmaat,6600000.0,Watford FC
Kiko Femenía,5500000.0,Watford FC
Dimitri Foulquier,3850000.0,Watford FC
Marc Navarro,2200000.0,Watford FC
Étienne Capoue,8800000.0,Watford FC
Nathaniel Chalobah,7700000.0,Watford FC
Abdoulaye Doucouré,27500000.0,Watford FC
Will Hughes,19800000.0,Watford FC
Tom Cleverley,7700000.0,Watford FC
Domingos Quina,5500000.0,Watford FC
Kwasi Sibo,220000.0,Watford FC
Ken Sema,3850000.0,Watford FC
Roberto Pereyra,14300000.0,Watford FC
Gerard Deulofeu,27500000.0,Watford FC
Isaac Success,5500000.0,Watford FC
Dodi Lukebakio,19800000.0,Watford FC
Andre Gray,16500000.0,Watford FC
Cucho Hernández,11000000.0,Watford FC
Troy Deeney,11000000.0,Watford FC
Stefano Okaka,5500000.0,Watford FC
Adalberto Peñaranda,2200000.0,Watford FC
Obbi Oulare,1980000.0,Watford FC
Jerome Sinclair,1650000.0,Watford FC
Filip Stuparevic,1320000.0,Watford FC
Martin Dubravka,7700000.0,Newcastle United
Karl Darlow,3850000.0,Newcastle United
Rob Elliot,1100000.0,Newcastle United
Freddie Woodman,550000.0,Newcastle United
Nathan Harker,0,Newcastle United
Jamaal Lascelles,16500000.0,Newcastle United
Fabian Schär,8800000.0,Newcastle United
Florian Lejeune,8800000.0,Newcastle United
Federico Fernández,7700000.0,Newcastle United
Ciaran Clark,6600000.0,Newcastle United
Paul Dummett,5500000.0,Newcastle United
Lewis Cass,0,Newcastle United
Kelland Watts,0,Newcastle United
Matt Ritchie,13200000.0,Newcastle United
Antonio Barreca,7700000.0,Newcastle United
Achraf Lazaar,1100000.0,Newcastle United
DeAndre Yedlin,8800000.0,Newcastle United
Javier Manquillo,5500000.0,Newcastle United
Jamie Sterry,83000.0,Newcastle United
Isaac Hayden,8800000.0,Newcastle United
Sung-yueng Ki,6600000.0,Newcastle United
Jack Colback,3300000.0,Newcastle United
Jonjo Shelvey,16500000.0,Newcastle United
Sean Longstaff,7700000.0,Newcastle United
Mohamed Diamé,5500000.0,Newcastle United
Kenedy,11000000.0,Newcastle United
Miguel Almirón,22000000.0,Newcastle United
Henri Saivet,1100000.0,Newcastle United
Christian Atsu,6600000.0,Newcastle United
Rolando Aarons,550000.0,Newcastle United
Jacob Murphy,6600000.0,Newcastle United
Callum Roberts,83000.0,Newcastle United
Ayoze Pérez,22000000.0,Newcastle United
Dwight Gayle,16500000.0,Newcastle United
Salomón Rondón,16500000.0,Newcastle United
Yoshinori Muto,9900000.0,Newcastle United
Joselu,4400000.0,Newcastle United
Sam Johnstone,7700000.0,West Bromwich Albion
Boaz Myhill,385000.0,West Bromwich Albion
Jonathan Bond,275000.0,West Bromwich Albion
Alex Palmer,0,West Bromwich Albion
Mason Holgate,7700000.0,West Bromwich Albion
Craig Dawson,6600000.0,West Bromwich Albion
Ahmed Hegazy,6600000.0,West Bromwich Albion
Tosin Adarabioyo,3850000.0,West Bromwich Albion
Kyle Bartley,3850000.0,West Bromwich Albion
Kyle Howkins,0,West Bromwich Albion
Jack Fitzwater,0,West Bromwich Albion
Kieran Gibbs,6600000.0,West Bromwich Albion
Conor Townsend,825000.0,West Bromwich Albion
Allan Nyom,3300000.0,West Bromwich Albion
Tyrone Mears,220000.0,West Bromwich Albion
Jake Livermore,7700000.0,West Bromwich Albion
Gareth Barry,825000.0,West Bromwich Albion
Stefan Johansen,4400000.0,West Bromwich Albion
Rekeem Harper,2750000.0,West Bromwich Albion
James Morrison,1650000.0,West Bromwich Albion
Chris Brunt,1650000.0,West Bromwich Albion
Sam Field,1650000.0,West Bromwich Albion
Harvey Barnes,13200000.0,West Bromwich Albion
Kyle Edwards,0,West Bromwich Albion
Wesley Hoolahan,385000.0,West Bromwich Albion
Bakary Sako,4400000.0,West Bromwich Albion
Jefferson Montero,1100000.0,West Bromwich Albion
Morgan Rogers,0,West Bromwich Albion
Oliver Burke,11000000.0,West Bromwich Albion
Matt Phillips,7700000.0,West Bromwich Albion
Jacob Murphy,6600000.0,West Bromwich Albion
Jonathan Leko,1100000.0,West Bromwich Albion
Rayhaan Tulloch,0,West Bromwich Albion
Salomón Rondón,16500000.0,West Bromwich Albion
Dwight Gayle,16500000.0,West Bromwich Albion
Jay Rodríguez,11000000.0,West Bromwich Albion
Hal Robson-Kanu,2200000.0,West Bromwich Albion
Name,Value,Team
Asmir Begovic,8800000.0,AFC Bournemouth
Artur Boruc,1100000.0,AFC Bournemouth
Adam Federici,825000.0,AFC Bournemouth
Aaron Ramsdale,550000.0,AFC Bournemouth
Ryan Allsop,275000.0,AFC Bournemouth
Nathan Aké,16500000.0,AFC Bournemouth
Steve Cook,7700000.0,AFC Bournemouth
Tyrone Mings,4400000.0,AFC Bournemouth
Baily Cargill,275000.0,AFC Bournemouth
Jack Simpson,0,AFC Bournemouth
Shaun Hobson,0,AFC Bournemouth
Charlie Daniels,3850000.0,AFC Bournemouth
Brad Smith,1650000.0,AFC Bournemouth
Rhoys Wiggins,550000.0,AFC Bournemouth
Adam Smith,5500000.0,AFC Bournemouth
Simon Francis,2750000.0,AFC Bournemouth
Lewis Cook,22000000.0,AFC Bournemouth
Harry Arter,7700000.0,AFC Bournemouth
Dan Gosling,3850000.0,AFC Bournemouth
Andrew Surman,2750000.0,AFC Bournemouth
Emerson Hyndman,1100000.0,AFC Bournemouth
Matt Butcher,0,AFC Bournemouth
Kyle Taylor,0,AFC Bournemouth
Ryan Fraser,6600000.0,AFC Bournemouth
Junior Stanislas,4950000.0,AFC Bournemouth
Marc Pugh,1650000.0,AFC Bournemouth
Jordon Ibe,9900000.0,AFC Bournemouth
Connor Mahoney,275000.0,AFC Bournemouth
Joshua King,11000000.0,AFC Bournemouth
Benik Afobe,11000000.0,AFC Bournemouth
Callum Wilson,11000000.0,AFC Bournemouth
Lys Mousset,4400000.0,AFC Bournemouth
Lewis Grabban,3300000.0,AFC Bournemouth
Jermain Defoe,2750000.0,AFC Bournemouth
Mikael Ndjoli,0,AFC Bournemouth
Mathew Ryan,8800000.0,Brighton & Hove Albion
Tim Krul,2750000.0,Brighton & Hove Albion
Christian Walton,275000.0,Brighton & Hove Albion
Niki Mäenpää,275000.0,Brighton & Hove Albion
Shane Duffy,13200000.0,Brighton & Hove Albion
Lewis Dunk,11000000.0,Brighton & Hove Albion
Uwe Hünemeier,1100000.0,Brighton & Hove Albion
Connor Goldson,1100000.0,Brighton & Hove Albion
Markus Suttner,2750000.0,Brighton & Hove Albion
Gaëtan Bong,1650000.0,Brighton & Hove Albion
Ales Mateju,1650000.0,Brighton & Hove Albion
Ezequiel Schelotto,4950000.0,Brighton & Hove Albion
Liam Rosenior,1100000.0,Brighton & Hove Albion
Bruno,825000.0,Brighton & Hove Albion
Rohan Ince,550000.0,Brighton & Hove Albion
Dessie Hutchinson,0,Brighton & Hove Albion
Davy Pröpper,16500000.0,Brighton & Hove Albion
Pascal Groß,11000000.0,Brighton & Hove Albion
Dale Stephens,6600000.0,Brighton & Hove Albion
Oliver Norwood,3300000.0,Brighton & Hove Albion
Beram Kayal,1650000.0,Brighton & Hove Albion
Steve Sidwell,1100000.0,Brighton & Hove Albion
Richie Towell,220000.0,Brighton & Hove Albion
Jayson Molumby,0,Brighton & Hove Albion
Max Sanders,0,Brighton & Hove Albion
Solly March,5500000.0,Brighton & Hove Albion
Soufyan Ahannach,550000.0,Brighton & Hove Albion
Izzy Brown,5500000.0,Brighton & Hove Albion
James Tilley,0,Brighton & Hove Albion
José Izquierdo,15400000.0,Brighton & Hove Albion
Jamie Murphy,1930000.0,Brighton & Hove Albion
Jiri Skalak,1650000.0,Brighton & Hove Albion
Anthony Knockaert,8800000.0,Brighton & Hove Albion
Jürgen Locadia,16500000.0,Brighton & Hove Albion
Leonardo Ulloa,5500000.0,Brighton & Hove Albion
Sam Baldock,3300000.0,Brighton & Hove Albion
Glenn Murray,3300000.0,Brighton & Hove Albion
Tomer Hemed,2750000.0,Brighton & Hove Albion
Aaron Connolly,0,Brighton & Hove Albion
Nick Pope,11000000.0,Burnley FC
Tom Heaton,4400000.0,Burnley FC
Anders Lindegaard,550000.0,Burnley FC
Adam Legzdins,275000.0,Burnley FC
James Tarkowski,16500000.0,Burnley FC
Ben Mee,11000000.0,Burnley FC
Kevin Long,2750000.0,Burnley FC
Charlie Taylor,5500000.0,Burnley FC
Stephen Ward,3300000.0,Burnley FC
Matthew Lowton,5500000.0,Burnley FC
Phil Bardsley,1650000.0,Burnley FC
Jack Cork,16500000.0,Burnley FC
Ashley Westwood,4400000.0,Burnley FC
Jeff Hendrick,11000000.0,Burnley FC
Steven Defour,7700000.0,Burnley FC
Scott Arfield,3300000.0,Burnley FC
Dean Marney,1100000.0,Burnley FC
Fredrik Ulvestad,880000.0,Burnley FC
Aiden O'Neill,550000.0,Burnley FC
Robbie Brady,11000000.0,Burnley FC
Georges-Kevin N'Koudou,7700000.0,Burnley FC
Dwight McNeil,0,Burnley FC
Jóhann Berg Gudmundsson,11000000.0,Burnley FC
Aaron Lennon,5500000.0,Burnley FC
Jonathan Walters,2200000.0,Burnley FC
Chris Wood,19800000.0,Burnley FC
Ashley Barnes,8800000.0,Burnley FC
Sam Vokes,6600000.0,Burnley FC
Nahki Wells,4950000.0,Burnley FC
Chris Long,825000.0,Burnley FC
Jonas Lössl,5500000.0,Huddersfield Town
Joel Coleman,550000.0,Huddersfield Town
Rob Green,275000.0,Huddersfield Town
Ryan Schofield,110000.0,Huddersfield Town
Terence Kongolo,11000000.0,Huddersfield Town
Christopher Schindler,6600000.0,Huddersfield Town
Zanka,5500000.0,Huddersfield Town
Michael Hefele,1650000.0,Huddersfield Town
Martin Cranie,550000.0,Huddersfield Town
Jon Gorenc-Stankovic,550000.0,Huddersfield Town
Scott Malone,3300000.0,Huddersfield Town
Chris Löwe,1650000.0,Huddersfield Town
Tareiq Holmes-Dennis,275000.0,Huddersfield Town
Florent Hadergjonaj,5500000.0,Huddersfield Town
Tommy Smith,3300000.0,Huddersfield Town
Jordan Williams,110000.0,Huddersfield Town
Danny Williams,2200000.0,Huddersfield Town
Aaron Mooy,11000000.0,Huddersfield Town
Jonathan Hogg,3850000.0,Huddersfield Town
Philip Billing,2750000.0,Huddersfield Town
Dean Whitehead,275000.0,Huddersfield Town
Alex Pritchard,11000000.0,Huddersfield Town
Kasey Palmer,1650000.0,Huddersfield Town
Abdelhamid Sabiri,1100000.0,Huddersfield Town
Jack Payne,385000.0,Huddersfield Town
Lewis O'Brien,0,Huddersfield Town
Rajiv van La Parra,4400000.0,Huddersfield Town
Tom Ince,8800000.0,Huddersfield Town
Elias Kachunga,3850000.0,Huddersfield Town
Joe Lolley,550000.0,Huddersfield Town
Sean Scannell,550000.0,Huddersfield Town
Steve Mounié,11000000.0,Huddersfield Town
Laurent Depoitre,4950000.0,Huddersfield Town
Collin Quaner,1650000.0,Huddersfield Town
Jordy Hiwula,275000.0,Huddersfield Town
